dir-name	container-name	image-id	real	sys	user
ubuntu-18-04-postgres-pgroonga-vim	command	line	49m53.084s	0m0.380s	0m0.440s
centos-7-6-18-10-apache-vim	command	line	13m44.351s	0m0.160s	0m0.210s
centos-7-6-18-10-egison-vim	index-pack	command	46m35.748s	0m0.073s	0m0.264s
centos-7-6-18-10-anaconda-vim	index-pack	command	42m39.788s	0m0.074s	0m0.231s
ubuntu-19-10-postgres-pgroonga-vim	command	line	12m5.589s	0m0.075s	0m0.075s
centos-7-6-18-10-r-rstudio	index-pack	command	44m16.419s	0m0.127s	0m0.233s
centos-7-6-18-10-go-vscode	index-pack	command	43m19.281s	0m0.185s	0m0.205s
centos-7-6-18-10-racket-drracket	index-pack	command	45m22.901s	0m0.163s	0m0.231s
centos-7-6-18-10-oracle-dbeaver	failed:	8/67	143m33.917s	0m0.513s	0m0.530s
centos-7-6-18-10-apache-github-oauth-gron-vim	command	line	13m34.341s	0m0.155s	0m0.229s
centos-7-6-18-10-mecab-java-vim	01-log	command	9m54.919s	0m0.291s	0m0.299s
centos-7-6-18-10-nodejs-nuxtjs-vscode	failed:	27/39	11m32.519s	0m0.351s	0m0.423s
centos-7-6-18-10-postgres-dbeaver	command	could	3m49.517s	0m0.063s	0m0.040s
centos-7-6-18-10-apache-qiita-oauth-gron-vim	command	line	13m44.530s	0m0.190s	0m0.189s
centos-7-6-18-10-mysql-dbeaver	command	could	1m34.986s	0m0.029s	0m0.046s
ubuntu-18-04-python-django-pycharm	failed:	29/39	12m57.993s	0m0.499s	0m0.467s
centos-7-6-18-10-fluentd-nginx-vim	command	01-log	73m33.285s	0m0.109s	0m0.445s
ubuntu-16-04-postgres-python-vim	command	01-log	133m29.107s	0m0.531s	0m1.104s
ubuntu-19-10-gradle-doma-vim	failed:	24/30	142m56.385s	0m0.604s	0m1.174s
ubuntu-18-04-aws-workspaces-vscode	index-pack	command	42m52.087s	0m0.085s	0m0.342s
centos-7-6-18-10-chromium-vscode	index-pack	command	38m39.404s	0m0.061s	0m0.292s
ubuntu-18-04-perl-vscode	failed:	30/41	15m34.981s	0m0.444s	0m0.540s
ubuntu-19-10-c-cpp-vscode	failed:	20/28	143m11.765s	0m0.834s	0m0.967s
centos-7-7-19-08-usb-rsync	response	build	0m0.232s	0m0.026s	0m0.033s
centos-7-6-18-10-ghc-haskell-vim	command	11m6.684s	0m0.438s	Error	0m0.520s
centos-7-6-18-10-nodejs-vscode	index-pack	command	28m20.046s	0m0.047s	0m0.224s
centos-7-6-18-10-php-vscode	index-pack	command	28m3.881s	0m0.136s	0m0.149s
centos-7-6-18-10-php-komodo	failed:	24/32	101m17.661s	0m0.569s	0m0.985s
centos-7-6-18-10-apache-pocket-oauth-vim	command	line	13m22.394s	0m0.177s	0m0.208s
centos-7-6-18-10-apache-twitter-oauth-vim	command	could	0m37.031s	0m0.040s	0m0.033s
ubuntu-19-10-pyqt-pycharm	failed:	21/29	142m5.895s	0m0.711s	0m1.366s
centos-7-6-18-10-python-pycharm	command	could	26m28.725s	0m0.035s	0m0.206s
centos-7-6-18-10-elasticsearch-kibana-java-dbeaver	command	could	9m33.083s	0m0.030s	0m0.100s
centos-7-6-18-10-java-gradle-idea	failed:	27/36	19m5.542s	0m0.372s	0m0.366s
centos-7-6-18-10-java-mysql-mysql_workbench	command	could	1m34.986s	0m0.029s	0m0.046s
centos-7-6-18-10-x	command	Nothing	66m7.514s	0m0.183s	0m0.549s
centos-7-6-18-10-postgres-tclsh-vim	command	could	3m49.295s	0m0.065s	0m0.052s
centos-7-6-18-10-postgres-python-dbeaver	command	01-log	26m5.834s	0m0.150s	0m0.181s
centos-7-6-18-10-perl-vscode	failed:	27/38	12m25.995s	0m0.333s	0m0.460s
centos-7-6-18-10-ibm-db2	command	could	13m21.631s	0m0.057s	0m0.115s
centos-7-6-18-10-c-cpp-vscode	command	could	29m40.054s	0m0.143s	0m0.124s
centos-7-6-18-10-openssh	into	1	384m36.610s	0m0.160s	0m2.748s
centos-7-6-18-10-postgres-vim	command	could	3m49.517s	0m0.063s	0m0.040s
ubuntu-18-04-c-cpp-eclipse	could	command	37m8.814s	0m0.084s	0m0.277s
ubuntu-19-10-go-vscode	15.2	command	42m51.640s	0m0.093s	0m0.283s
centos-7-6-18-10-tclsh-vim	command	01-log	73m19.069s	0m0.108s	0m0.510s
centos-7-6-18-10-apache-ssl-vim	command	could	0m53.574s	0m0.030s	0m0.031s
centos-7-6-18-10-java-maven-idea	failed:	27/36	19m5.542s	0m0.372s	0m0.366s
ubuntu-18-04-swift-vscode	could	command	37m8.814s	0m0.084s	0m0.277s
centos-7-6-18-10-apache-feedly-oauth-vim	command	line	11m55.683s	0m0.165s	0m0.184s
